# Permission definitions for applet internalPurchaseGrnStockInApplet — extracted 2026-09-05 from akaun_master (product registry metadata; no tenant data).
# Client-side: bl_applet_client_side_perm_dfn joined on bl_applet_hdr.code. Server-side: app_perm_dfn rows whose perm_code contains PURCHASE_GRN_STOCK_IN.
scope	perm_type	perm_code	perm_name	status	targets
client	CLIENT_SIDE_PERM	ALLOW_TO_CREATE_EDIT_ACCOUNT	ALLOW_TO_CREATE_EDIT_ACCOUNT	ACTIVE	
client	CLIENT_SIDE_PERM	INTERNAL_PURCHASE_GRN_DISPLAY_PRICING	INTERNAL_PURCHASE_GRN_DISPLAY_PRICING	ACTIVE	
client	CLIENT_SIDE_PERM	IPGRN_HIDE_TRACKING_ID_AND_PERMIT_NO	IPGRN_HIDE_TRACKING_ID_AND_PERMIT_NO	ACTIVE	
client	CLIENT_SIDE_PERM	PRINTABLE_FORMAT_WITH_NO_PRICE	PRINTABLE_FORMAT_WITH_NO_PRICE	ACTIVE	
client	CLIENT_SIDE_PERM	SHOW_ACCOUNT_TAB_DETAILS	SHOW_ACCOUNT_TAB_DETAILS	ACTIVE	
client	CLIENT_SIDE_PERM	SHOW_AMOUNT_NET_EXCL_TAX	SHOW_AMOUNT_NET_EXCL_TAX	ACTIVE	
client	CLIENT_SIDE_PERM	SHOW_AMOUNT_STD_EXCL_TAX	SHOW_AMOUNT_STD_EXCL_TAX	ACTIVE	
client	CLIENT_SIDE_PERM	SHOW_AMOUNT_TXN	SHOW_AMOUNT_TXN	ACTIVE	
client	CLIENT_SIDE_PERM	SHOW_AMOUNT_TXN_MAIN_LISTING	SHOW_AMOUNT_TXN_MAIN_LISTING	ACTIVE	
client	CLIENT_SIDE_PERM	SHOW_ARAP_BAL	SHOW_ARAP_BAL	ACTIVE	
client	CLIENT_SIDE_PERM	SHOW_ARAP_CONTRA	SHOW_ARAP_CONTRA	ACTIVE	
client	CLIENT_SIDE_PERM	SHOW_ARAP_DOC_OPEN	SHOW_ARAP_DOC_OPEN	ACTIVE	
client	CLIENT_SIDE_PERM	SHOW_ARAP_PNS	SHOW_ARAP_PNS	ACTIVE	
client	CLIENT_SIDE_PERM	SHOW_ARAP_SETTLEMENT	SHOW_ARAP_SETTLEMENT	ACTIVE	
client	CLIENT_SIDE_PERM	SHOW_CLIENT_DOC_1	SHOW_CLIENT_DOC_1	ACTIVE	
client	CLIENT_SIDE_PERM	SHOW_CLIENT_DOC_2	SHOW_CLIENT_DOC_2	ACTIVE	
client	CLIENT_SIDE_PERM	SHOW_CLIENT_DOC_3	SHOW_CLIENT_DOC_3	ACTIVE	
client	CLIENT_SIDE_PERM	SHOW_CLIENT_DOC_4	SHOW_CLIENT_DOC_4	ACTIVE	
client	CLIENT_SIDE_PERM	SHOW_CLIENT_DOC_5	SHOW_CLIENT_DOC_5	ACTIVE	
client	CLIENT_SIDE_PERM	SHOW_CLIENT_DOC_TYPE	SHOW_CLIENT_DOC_TYPE	ACTIVE	
client	CLIENT_SIDE_PERM	SHOW_COSTING_DETAILS	SHOW_COSTING_DETAILS	ACTIVE	
client	CLIENT_SIDE_PERM	SHOW_DESCRIPTION	SHOW_DESCRIPTION	ACTIVE	
client	CLIENT_SIDE_PERM	SHOW_DISABLE_EDITING_AMOUNT_TXN_SETTING	SHOW_DISABLE_EDITING_AMOUNT_TXN_SETTING	ACTIVE	
client	CLIENT_SIDE_PERM	SHOW_DISCOUNT_AMOUNT_EXCL_TAX	SHOW_DISCOUNT_AMOUNT_EXCL_TAX	ACTIVE	
client	CLIENT_SIDE_PERM	SHOW_DOC_NO_BRANCH	SHOW_DOC_NO_BRANCH	ACTIVE	
client	CLIENT_SIDE_PERM	SHOW_DOC_NO_COMPANY	SHOW_DOC_NO_COMPANY	ACTIVE	
client	CLIENT_SIDE_PERM	SHOW_DOC_NO_TENANT	SHOW_DOC_NO_TENANT	ACTIVE	
client	CLIENT_SIDE_PERM	SHOW_DRAFT_BUTTON	SHOW_DRAFT_BUTTON	ACTIVE	
client	CLIENT_SIDE_PERM	SHOW_EXPORT_TAB	SHOW_EXPORT_TAB	ACTIVE	
client	CLIENT_SIDE_PERM	SHOW_FINAL_BUTTON	SHOW_FINAL_BUTTON	ACTIVE	
client	CLIENT_SIDE_PERM	SHOW_INTERCOMPANY_PGRN_SCREEN	SHOW_INTERCOMPANY_PGRN_SCREEN	ACTIVE	
client	CLIENT_SIDE_PERM	SHOW_LAST_PURCHASE_PRICE	SHOW_LAST_PURCHASE_PRICE	ACTIVE	
client	CLIENT_SIDE_PERM	SHOW_QTY_BASE	SHOW_QTY_BASE	ACTIVE	
client	CLIENT_SIDE_PERM	SHOW_QTY_UOM	SHOW_QTY_UOM	ACTIVE	
client	CLIENT_SIDE_PERM	SHOW_TAX_CONFIG_SELECTION	SHOW_TAX_CONFIG_SELECTION	ACTIVE	
client	CLIENT_SIDE_PERM	SHOW_TOTAL_SST_VAT_GST_AMOUNT	SHOW_TOTAL_SST_VAT_GST_AMOUNT	ACTIVE	
client	CLIENT_SIDE_PERM	SHOW_TOTAL_TXN_AMOUNT	SHOW_TOTAL_TXN_AMOUNT	ACTIVE	
client	CLIENT_SIDE_PERM	SHOW_TRANSACTION_DATE	SHOW_TRANSACTION_DATE	ACTIVE	
client	CLIENT_SIDE_PERM	SHOW_UNIT_DISCOUNT	SHOW_UNIT_DISCOUNT	ACTIVE	
client	CLIENT_SIDE_PERM	SHOW_UNIT_DISCOUNT_UOM_EXCL_TAX	SHOW_UNIT_DISCOUNT_UOM_EXCL_TAX	ACTIVE	
client	CLIENT_SIDE_PERM	SHOW_UNIT_PRICE_NET_EXCL_TAX	SHOW_UNIT_PRICE_NET_EXCL_TAX	ACTIVE	
client	CLIENT_SIDE_PERM	SHOW_UNIT_PRICE_NET_UOM_EXCL_TAX	SHOW_UNIT_PRICE_NET_UOM_EXCL_TAX	ACTIVE	
client	CLIENT_SIDE_PERM	SHOW_UNIT_PRICE_STD_EXCL_TAX	SHOW_UNIT_PRICE_STD_EXCL_TAX	ACTIVE	
client	CLIENT_SIDE_PERM	SHOW_UNIT_PRICE_STD_INCL_TAX	SHOW_UNIT_PRICE_STD_INCL_TAX	ACTIVE	
client	CLIENT_SIDE_PERM	SHOW_UNIT_PRICE_STD_PRICING_SCHEME	SHOW_UNIT_PRICE_STD_PRICING_SCHEME	ACTIVE	
client	CLIENT_SIDE_PERM	SHOW_UNIT_PRICE_STD_UOM_EXCL_TAX	SHOW_UNIT_PRICE_STD_UOM_EXCL_TAX	ACTIVE	
client	CLIENT_SIDE_PERM	SHOW_UNIT_PRICE_STD_UOM_INCL_TAX	SHOW_UNIT_PRICE_STD_UOM_INCL_TAX	ACTIVE	
client	CLIENT_SIDE_PERM	SHOW_UNIT_PRICE_TXN	SHOW_UNIT_PRICE_TXN	ACTIVE	
client	CLIENT_SIDE_PERM	SHOW_UNIT_PRICE_TXN_UOM_INCL_TAX	SHOW_UNIT_PRICE_TXN_UOM_INCL_TAX	ACTIVE	
client	CLIENT_SIDE_PERM	SHOW_UOM_TO_BASE_RATIO	SHOW_UOM_TO_BASE_RATIO	ACTIVE	
client	CLIENT_SIDE_PERM	SHOW_WHT_CONFIG_SELECTION	SHOW_WHT_CONFIG_SELECTION	ACTIVE	
server	SYS_DEF_PERM	TNT_API_DOC_INTERNAL_PURCHASE_GRN_STOCK_IN_CREATE_TGT_GUID	TNT_API_DOC_INTERNAL_PURCHASE_GRN_STOCK_IN_CREATE_TGT_GUID	ACTIVE	{"target_type": "UNIQUE", "target_api_url": "core2/tnt/dm/er
server	SYS_DEF_PERM	TNT_API_DOC_INTERNAL_PURCHASE_GRN_STOCK_IN_DELETE_TGT_GUID	TNT_API_DOC_INTERNAL_PURCHASE_GRN_STOCK_IN_DELETE_TGT_GUID	ACTIVE	{"target_type": "UNIQUE", "target_api_url": "core2/tnt/dm/er
server	SYS_DEF_PERM	TNT_API_DOC_INTERNAL_PURCHASE_GRN_STOCK_IN_READ_TGT_GUID	TNT_API_DOC_INTERNAL_PURCHASE_GRN_STOCK_IN_READ_TGT_GUID	ACTIVE	{"target_type": "UNIQUE", "target_api_url": "core2/tnt/dm/er
server	SYS_DEF_PERM	TNT_API_DOC_INTERNAL_PURCHASE_GRN_STOCK_IN_UPDATE_TGT_GUID	TNT_API_DOC_INTERNAL_PURCHASE_GRN_STOCK_IN_UPDATE_TGT_GUID	ACTIVE	{"target_type": "UNIQUE", "target_api_url": "core2/tnt/dm/er
